Cultural_Dimension,Ghana,Nigeria,South_Africa,Marketing_Implications,Communication_Style,Business_Approach
Ubuntu_Philosophy,High,Medium,Very_High,Community_Collective_Messaging,Inclusive_Community_Focus,Relationship_Building_Priority
Respect_for_Elders,Very_High,Very_High,High,Authority_Endorsements_Important,Formal_Respectful_Tone,Hierarchy_Acknowledgment
Extended_Family,Very_High,Very_High,High,Family_Benefit_Messaging,Group_Decision_Consideration,Multi_Generational_Impact
Religious_Influence,Very_High,Very_High,Medium,Faith_Based_Values_Alignment,Respectful_Religious_References,Ethical_Business_Practices
Oral_Tradition,High,High,Medium,Storytelling_Audio_Content,Narrative_Based_Communication,Word_of_Mouth_Emphasis
Time_Flexibility,High,Very_High,Medium,Patient_Relationship_Building,Flexible_Scheduling_Approach,Long_Term_Perspective
Collective_Success,Very_High,High,High,Group_Achievement_Stories,Community_Impact_Messaging,Social_Responsibility_Focus
Hospitality_Culture,Very_High,Very_High,High,Warm_Welcoming_Tone,Generous_Customer_Service,Relationship_Investment
Education_Value,Very_High,Very_High,Very_High,Learning_Growth_Messaging,Educational_Content_Value,Skill_Development_Focus
Entrepreneurship,High,Very_High,High,Innovation_Opportunity_Themes,Empowerment_Messaging,Business_Growth_Support