Cultural_Dimension,Spain,Mexico,Argentina,Colombia,Peru,Chile,Marketing_Implications
Power_Distance,Medium,High,Medium,High,High,Medium,Respect_Hierarchy_Authority
Individualism,Medium,Low,High,Low,Low,Medium,Family_vs_Individual_Focus
Masculinity,Low,High,Medium,Low,Low,Medium,Achievement_vs_Relationship
Uncertainty_Avoidance,High,High,High,High,High,Medium,Risk_Aversion_Stability
Long_Term_Orientation,Medium,Low,Medium,Low,Low,Medium,Tradition_vs_Progress
Indulgence,Medium,High,Medium,High,Low,Medium,Gratification_vs_Restraint
Context_Level,Medium_High,High,Medium,High,High,Medium,Implicit_Communication
Time_Orientation,Flexible,Very_Flexible,Flexible,Very_Flexible,Flexible,More_Punctual,Meeting_Scheduling
Relationship_Focus,High,Very_High,Medium,Very_High,High,Medium,Personal_Business_Mix
Formality_Level,Medium,High,Low,High,High,Medium,Address_Communication_Style